{"version": "1", "message": "ERROR: Hidden Testcases server unreachable.", "problem_id": "ads2_m3_a1_1", "user_id": "tshiva12", "score": {"sample": {"0": {"execution_time": 0.148878812789917, "passed": true}, "1": {"execution_time": 0.15712904930114746, "passed": true}, "2": {"execution_time": 0.17534637451171875, "passed": true}, "3": {"execution_time": 0.20922303199768066, "passed": true}, "4": {"execution_time": 0.17848777770996094, "passed": true}, "5": {"execution_time": 0.20012354850769043, "passed": true}, "6": {"execution_time": 0.18091988563537598, "passed": true}, "7": {"execution_time": 0.1904897689819336, "passed": true}}}, "check_style_score": "1/1"}